time_s,occupancy_pkts,occupancy_bytes
0.000,0,0
0.050,0,0
0.100,0,0
0.150,0,0
0.200,0,0
0.250,0,0
0.300,0,0
0.350,0,0
0.400,0,0
0.450,0,0
0.500,0,0
0.550,0,0
0.600,0,0
0.650,1,1504
0.700,0,0
0.750,7,10528
0.800,0,0
0.850,18,27072
0.900,5,7520
0.950,29,42192
1.000,37,55648
1.050,38,57152
1.100,38,57152
1.150,38,57152
1.200,39,58656
1.250,40,60160
1.300,41,61664
1.350,42,63168
1.400,43,64672
1.450,44,66176
1.500,45,67680
1.550,47,70688
1.600,49,73696
1.650,49,73696
1.700,50,75200
1.750,52,78208
1.800,51,76704
1.850,52,78208
1.900,54,81216
1.950,54,81216
2.000,57,85728
2.050,57,85728
2.100,56,84224
2.150,60,90240
2.200,60,90240
2.250,62,93248
2.300,61,91744
2.350,64,96256
2.400,65,97760
2.450,65,97760
2.500,67,100768
2.550,67,100768
2.600,68,102272
2.650,68,102272
2.700,67,100768
2.750,61,91744
2.800,55,82720
2.850,49,73696
2.900,43,64672
2.950,43,64672
3.000,44,66176
3.050,44,66176
3.100,44,66176
3.150,45,67680
3.200,46,69184
3.250,47,70688
3.300,48,72192
3.350,48,72192
3.400,50,75200
3.450,51,76704
3.500,52,78208
3.550,53,79712
3.600,52,78208
3.650,54,81216
3.700,55,82720
3.750,56,84224
3.800,57,85728
3.850,55,82720
3.900,58,87232
3.950,59,88736
4.000,60,90240
4.050,59,88736
4.100,59,88736
4.150,60,90240
4.200,60,90240
4.250,61,91744
4.300,64,96256
4.350,63,94752
4.400,66,97812
4.450,66,97812
4.500,65,96308
4.550,65,97760
4.600,66,99264
4.650,67,100768
4.700,66,99264
4.750,66,99264
4.800,67,100768
4.850,68,102272
4.900,69,103776
4.950,69,103776
5.000,70,105280
5.050,69,103776
5.100,71,106784
5.150,69,103776
5.200,71,106784
5.250,71,106784
5.300,72,108288
5.350,73,109792
5.400,66,99264
5.450,60,90240
5.500,54,81216
5.550,48,72192
5.600,44,66176
5.650,44,66176
5.700,43,64672
5.750,42,63168
5.800,44,66176
5.850,46,69184
5.900,45,67680
5.950,45,67680
6.000,44,66176
6.050,47,70688
6.100,47,70688
6.150,47,70688
6.200,49,73696
6.250,49,73696
6.300,50,75200
6.350,51,76704
6.400,52,78208
6.450,50,75200
6.500,51,76704
6.550,52,78208
6.600,52,78208
6.650,52,78208
6.700,54,81216
6.750,53,79712
6.800,53,79712
6.850,54,81216
6.900,54,81216
6.950,53,79712
7.000,55,82720
7.050,55,82720
7.100,56,84224
7.150,54,81216
7.200,55,82720
7.250,55,82720
7.300,55,82720
7.350,55,82720
7.400,58,87232
7.450,58,87232
7.500,57,85728
7.550,57,85728
7.600,57,85728
7.650,57,85728
7.700,58,87232
7.750,59,88736
7.800,57,85728
7.850,58,87232
7.900,57,85728
7.950,58,87232
8.000,58,87232
8.050,57,85728
8.100,57,85728
8.150,56,84224
8.200,57,85728
8.250,58,87232
8.300,58,87232
8.350,57,85728
8.400,58,87232
8.450,58,87232
8.500,58,87232
8.550,58,87232
8.600,57,85728
8.650,57,85728
8.700,58,87232
8.750,56,84224
8.800,58,87232
8.850,58,87232
8.900,57,85728
8.950,57,85728
9.000,58,87232
9.050,58,87232
9.100,58,87232
9.150,57,85728
9.200,57,85728
9.250,57,85728
9.300,58,87232
9.350,57,85728
9.400,58,87232
9.450,57,85728
9.500,57,85728
9.550,58,87232
9.600,58,87232
9.650,57,85728
9.700,58,87232
9.750,57,85728
9.800,58,87232
9.850,58,87232
9.900,57,85728
9.950,57,85728
10.000,57,85728
10.050,57,85728
10.100,58,87232
10.150,56,84224
10.200,57,85728
10.250,57,85728
10.300,57,85728
10.350,59,88736
10.400,60,90240
10.450,58,87232
10.500,59,88736
10.550,58,87232
10.600,59,88736
10.650,60,90240
10.700,60,90240
10.750,59,88736
10.800,60,90240
10.850,59,88736
10.900,60,90240
10.950,61,91744
11.000,61,91744
11.050,60,90240
11.100,62,93248
11.150,61,91744
11.200,61,91744
11.250,62,93248
11.300,63,94752
11.350,61,91744
11.400,62,93248
11.450,64,96256
11.500,64,96256
11.550,64,96256
11.600,63,94752
11.650,64,96256
11.700,63,94752
11.750,64,96256
11.800,66,99264
11.850,66,99264
11.900,67,100768
11.950,67,100768
12.000,68,102272
12.050,68,102272
12.100,69,103776
12.150,68,102272
12.200,69,103776
12.250,68,102272
12.300,71,106784
12.350,70,105280
12.400,72,108288
12.450,71,106784
12.500,73,109792
12.550,74,111296
12.600,73,109792
12.650,74,111296
12.700,74,111296
12.750,77,115808
12.800,71,106784
12.850,65,96308
12.900,59,87284
12.950,53,78260
13.000,49,73696
13.050,48,72192
13.100,49,73696
13.150,47,70688
13.200,49,73696
13.250,50,75200
13.300,51,76704
13.350,52,78208
13.400,54,81216
13.450,53,79712
13.500,53,79712
13.550,54,81216
13.600,56,84224
13.650,58,87232
13.700,58,87232
13.750,59,88736
13.800,59,88736
13.850,58,87232
13.900,61,91744
13.950,62,93248
14.000,61,91744
14.050,63,94752
14.100,64,96256
14.150,65,97760
14.200,66,99264
14.250,67,100768
14.300,66,99264
14.350,67,100768
14.400,66,99264
14.450,70,105280
14.500,69,103776
14.550,70,105280
14.600,69,103776
14.650,69,103776
14.700,71,106784
14.750,72,108288
14.800,72,108288
14.850,71,106784
14.900,72,108288
14.950,73,109792
15.000,72,108288
15.050,73,109792
15.100,75,112800
15.150,76,114304
15.200,75,112800
15.250,74,111296
15.300,76,114304
15.350,77,115808
15.400,78,117312
15.450,77,115808
15.500,75,112800
15.550,78,117312
15.600,77,115808
15.650,78,117312
15.700,73,109792
15.750,67,100768
15.800,60,90240
15.850,53,79712
15.900,50,75200
15.950,49,73696
16.000,50,75200
16.050,50,75200
16.100,50,75200
16.150,49,73696
16.200,50,75200
16.250,51,76704
16.300,51,76704
16.350,52,78208
16.400,53,79712
16.450,52,78208
16.500,53,79712
16.550,54,81216
16.600,56,84224
16.650,54,81216
16.700,57,85728
16.750,55,82720
16.800,56,84224
16.850,57,85728
16.900,58,87232
16.950,58,87232
17.000,57,85728
17.050,59,88736
17.100,58,87232
17.150,58,87232
17.200,60,90240
17.250,59,88736
17.300,59,88736
17.350,60,90240
17.400,62,93248
17.450,61,91744
17.500,62,93248
17.550,61,91744
17.600,61,91744
17.650,62,93248
17.700,60,90240
17.750,61,91744
17.800,64,96256
17.850,63,94752
17.900,64,96256
17.950,64,96256
18.000,63,94752
18.050,63,94752
18.100,63,94752
18.150,63,94752
18.200,64,96256
18.250,64,96256
18.300,63,94752
18.350,63,94752
18.400,63,94752
18.450,63,94752
18.500,64,96256
18.550,65,97760
18.600,63,94752
18.650,64,96256
18.700,63,94752
18.750,64,96256
18.800,64,96256
18.850,63,94752
18.900,63,94752
18.950,64,96256
19.000,63,94752
19.050,64,96256
19.100,64,96256
19.150,63,94752
19.200,64,96256
19.250,64,96256
19.300,64,96256
19.350,64,96256
19.400,63,94752
19.450,63,94752
19.500,64,96256
19.550,64,96256
19.600,64,96256
19.650,64,96256
19.700,63,94752
19.750,63,94752
19.800,62,93248
19.850,63,94752
19.900,64,96256
19.950,63,94752
20.000,63,94752
20.050,64,96256
20.100,62,93248
20.150,63,94752
20.200,64,96256
20.250,63,94752
20.300,63,94752
20.350,64,96256
20.400,62,93248
20.450,63,94752
20.500,64,96256
20.550,63,94752
20.600,64,96256
20.650,64,96256
20.700,65,97760
20.750,65,97760
20.800,65,97760
20.850,65,97760
20.900,66,99264
20.950,64,96256
21.000,65,97760
21.050,65,97760
21.100,65,97760
21.150,66,99264
21.200,67,100768
21.250,66,99264
21.300,67,100768
21.350,68,102272
21.400,68,102272
21.450,67,100768
21.500,68,102272
21.550,67,100768
21.600,69,103776
21.650,68,102272
21.700,67,100768
21.750,70,105280
21.800,69,103776
21.850,69,103776
21.900,69,103776
21.950,68,102272
22.000,71,106784
22.050,71,106784
22.100,70,105280
22.150,71,106784
22.200,70,105280
22.250,73,109792
22.300,72,108288
22.350,74,111296
22.400,73,109792
22.450,74,111296
22.500,75,112800
22.550,76,114304
22.600,76,114304
22.650,76,114304
22.700,77,115808
22.750,77,115808
22.800,78,117312
22.850,78,117312
22.900,79,118816
22.950,81,121824
23.000,80,120320
23.050,81,121824
23.100,81,121824
23.150,80,120320
23.200,74,111296
23.250,67,100768
23.300,61,91744
23.350,55,82720
23.400,54,81216
23.450,54,81216
23.500,55,82720
23.550,54,81216
23.600,56,84224
23.650,54,81216
23.700,57,85728
23.750,58,87232
23.800,60,90240
23.850,59,88736
23.900,62,93248
23.950,63,94752
24.000,61,91744
24.050,62,93248
24.100,63,94752
24.150,66,99264
24.200,66,99264
24.250,65,97760
24.300,67,100768
24.350,68,102272
24.400,69,103776
24.450,70,105280
24.500,70,105280
24.550,71,106784
24.600,71,106784
24.650,70,105280
24.700,73,109792
24.750,74,111296
24.800,73,109792
24.850,74,111296
24.900,73,109792
24.950,77,115808
25.000,77,115808
25.050,77,115808
25.100,76,114304
25.150,77,115808
25.200,78,117312
25.250,80,120320
25.300,79,118816
25.350,80,120320
25.400,79,118816
25.450,79,118816
25.500,79,118816
25.550,82,123328
25.600,82,123328
25.650,82,123328
25.700,82,123328
25.750,82,123328
25.800,80,120320
25.850,83,124832
25.900,84,126336
25.950,84,126336
26.000,83,124832
26.050,84,126336
26.100,79,118816
26.150,73,109792
26.200,67,100768
26.250,61,91744
26.300,56,84224
26.350,55,82720
26.400,56,84224
26.450,56,84224
26.500,55,82720
26.550,55,82720
26.600,56,84224
26.650,58,87232
26.700,57,85728
26.750,58,87232
26.800,59,88736
26.850,59,88736
26.900,60,90240
26.950,59,88736
27.000,61,91744
27.050,61,91744
27.100,61,91744
27.150,62,93248
27.200,64,96256
27.250,61,91744
27.300,64,96256
27.350,62,93248
27.400,64,96256
27.450,66,99264
27.500,65,97760
27.550,65,97760
27.600,64,96256
27.650,66,99264
27.700,66,99264
27.750,66,99264
27.800,67,100768
27.850,67,100768
27.900,66,99264
27.950,68,102272
28.000,68,102272
28.050,69,103776
28.100,67,100768
28.150,68,102272
28.200,70,105280
28.250,69,103776
28.300,70,105280
28.350,69,103776
28.400,69,103776
28.450,70,105280
28.500,70,105280
28.550,69,103776
28.600,70,105280
28.650,69,103776
28.700,70,105280
28.750,70,105280
28.800,69,103776
28.850,69,103776
28.900,69,103776
28.950,69,103776
29.000,70,105280
29.050,70,105280
29.100,69,103776
29.150,69,103776
29.200,69,103776
29.250,69,103776
29.300,70,105280
29.350,71,106784
29.400,69,103776
29.450,70,105280
29.500,69,103776
29.550,70,105280
29.600,70,105280
29.650,69,103776
29.700,69,103776
29.750,68,102272
29.800,69,103776
29.850,70,105280
29.900,70,105280
29.950,69,103776
30.000,70,105280
30.050,68,102272
30.100,70,105280
30.150,70,105280
30.200,69,103776
30.250,69,103776
30.300,68,102272
30.350,70,105280
30.400,70,105280
30.450,70,105280
30.500,69,103776
30.550,69,103776
30.600,68,102272
30.650,69,103776
30.700,70,105280
30.750,70,103828
30.800,70,103828
30.850,69,102324
30.900,68,102272
30.950,69,103776
31.000,70,105280
31.050,69,103776
31.100,71,106784
31.150,72,108288
31.200,70,105280
31.250,71,106784
31.300,72,108288
31.350,71,106784
31.400,71,106784
31.450,72,108288
31.500,71,106784
31.550,72,108288
31.600,72,108288
31.650,71,106784
31.700,74,111296
31.750,73,109792
31.800,72,108288
31.850,73,109792
31.900,73,109792
31.950,75,112800
32.000,74,111296
32.050,72,108288
32.100,73,109792
32.150,75,112800
32.200,75,112800
32.250,76,114304
32.300,76,114304
32.350,75,112800
32.400,76,114304
32.450,77,115808
32.500,77,115808
32.550,78,117312
32.600,79,118816
32.650,79,118816
32.700,79,118816
32.750,78,117312
32.800,81,121824
32.850,81,121824
32.900,80,120320
32.950,81,121824
33.000,80,120320
33.050,82,123328
33.100,82,123328
33.150,84,126336
33.200,83,124832
33.250,85,127840
33.300,86,129344
33.350,85,127840
33.400,87,130848
33.450,86,129344
33.500,88,132352
33.550,81,121824
33.600,75,112800
33.650,68,102272
33.700,62,93248
33.750,61,91744
33.800,61,91744
33.850,60,90240
33.900,60,90240
33.950,59,88736
34.000,61,91744
34.050,61,91744
34.100,64,96256
34.150,64,96256
34.200,65,97760
34.250,65,97760
34.300,68,102272
34.350,67,100768
34.400,70,105280
34.450,70,105280
34.500,69,103776
34.550,71,106784
34.600,71,106784
34.650,73,109792
34.700,74,111296
34.750,74,111296
34.800,75,112800
34.850,74,111296
34.900,76,114304
34.950,77,115808
35.000,78,117312
35.050,77,115808
35.100,80,120320
35.150,79,118816
35.200,79,118816
35.250,82,123328
35.300,82,123328
35.350,82,123328
35.400,81,121824
35.450,82,123328
35.500,83,124832
35.550,84,126336
35.600,84,126336
35.650,85,127840
35.700,85,127840
35.750,86,129344
35.800,86,129344
35.850,87,130848
35.900,86,129344
35.950,87,130848
36.000,86,129344
36.050,89,133856
36.100,88,132352
36.150,88,132352
36.200,89,133856
36.250,87,130848
36.300,89,133856
36.350,88,132352
36.400,90,135360
36.450,87,130848
36.500,80,120320
36.550,73,109792
36.600,68,102272
36.650,61,91744
36.700,62,93248
36.750,62,93248
36.800,61,91744
36.850,62,93248
36.900,61,91744
36.950,61,91744
37.000,63,94752
37.050,62,93248
37.100,64,96256
37.150,65,97760
37.200,65,97760
37.250,65,97760
37.300,65,97760
37.350,67,100768
37.400,68,102272
37.450,68,102272
37.500,67,100768
37.550,69,103776
37.600,69,103776
37.650,69,103776
37.700,70,105280
37.750,69,103776
37.800,71,106784
37.850,71,106784
37.900,71,106784
37.950,72,108288
38.000,73,109792
38.050,73,109792
38.100,72,108288
38.150,72,108288
38.200,74,111296
38.250,74,111296
38.300,73,109792
38.350,73,109792
38.400,74,111296
38.450,74,111296
38.500,74,111296
38.550,76,114304
38.600,75,112800
38.650,75,112800
38.700,76,114304
38.750,76,114304
38.800,76,114304
38.850,77,115808
38.900,75,112800
38.950,74,111296
39.000,76,114304
39.050,75,112800
39.100,76,114304
39.150,75,112800
39.200,75,112800
39.250,74,111296
39.300,74,111296
39.350,75,112800
39.400,76,114304
39.450,75,112800
39.500,76,114304
39.550,76,114304
39.600,75,112800
39.650,75,112800
39.700,75,112800
39.750,75,112800
39.800,76,114304
39.850,74,111296
39.900,75,112800
39.950,75,112800
40.000,75,112800
40.050,75,112800
40.100,76,114304
40.150,77,115808
40.200,75,112800
40.250,76,114304
40.300,75,112800
40.350,76,114304
40.400,74,111296
40.450,75,112800
40.500,75,112800
40.550,74,111296
40.600,75,112800
40.650,76,114304
40.700,76,114304
40.750,75,112800
40.800,76,114304
40.850,74,111296
40.900,76,114304
40.950,76,114304
41.000,75,112800
41.050,75,112800
41.100,75,112800
41.150,74,111296
41.200,76,114304
41.250,76,114304
41.300,75,112800
41.350,75,112800
41.400,74,111296
41.450,78,117312
41.500,78,117312
41.550,78,117312
41.600,77,115808
41.650,76,114304
41.700,78,117312
41.750,77,115808
41.800,78,117312
41.850,77,115808
41.900,78,117312
41.950,77,115808
42.000,76,114304
42.050,77,115808
42.100,79,118816
42.150,80,120320
42.200,79,118816
42.250,78,117312
42.300,79,118816
42.350,79,118816
42.400,81,121824
42.450,79,118816
42.500,80,120320
42.550,80,120320
42.600,81,121824
42.650,81,121824
42.700,81,121824
42.750,82,123328
42.800,83,124832
42.850,84,126336
42.900,83,124832
42.950,85,127840
43.000,85,127840
43.050,85,127840
43.100,84,126336
43.150,85,127840
43.200,87,130848
43.250,87,130848
43.300,87,130848
43.350,88,132352
43.400,89,133856
43.450,89,133856
43.500,89,133856
43.550,90,135360
43.600,91,136864
43.650,92,138368
43.700,91,136864
43.750,92,138368
43.800,93,139872
43.850,92,138368
43.900,90,135360
43.950,83,124832
44.000,77,115808
44.050,70,105280
44.100,67,100768
44.150,66,99264
44.200,67,100768
44.250,67,100768
44.300,67,100768
44.350,66,99264
44.400,68,102272
44.450,70,105280
44.500,70,105280
44.550,71,106784
44.600,71,106784
44.650,72,108288
44.700,75,112800
44.750,73,109792
44.800,76,114304
44.850,75,112800
44.900,78,117312
44.950,76,114304
45.000,77,115808
45.050,79,118816
45.100,79,118816
45.150,81,121824
45.200,82,123328
45.250,83,124832
45.300,82,123328
45.350,83,124832
45.400,83,124832
45.450,85,127840
45.500,86,129344
45.550,86,129344
45.600,87,130848
45.650,85,127840
45.700,87,130848
45.750,86,129344
45.800,89,133856
45.850,88,132352
45.900,89,133856
45.950,90,135360
46.000,91,136864
46.050,90,135360
46.100,90,135360
46.150,91,136864
46.200,92,138368
46.250,93,139872
46.300,93,139872
46.350,92,138368
46.400,94,141376
46.450,95,142880
46.500,93,139872
46.550,96,144384
46.600,95,142880
46.650,96,144384
46.700,95,142880
46.750,95,142880
46.800,94,141376
46.850,88,132352
46.900,82,123328
46.950,76,114304
47.000,70,105280
47.050,68,102272
47.100,68,102272
47.150,68,102272
47.200,67,100768
47.250,67,100768
47.300,68,102272
47.350,68,102272
47.400,70,105280
47.450,69,103776
47.500,71,106784
47.550,71,106784
47.600,71,106784
47.650,70,105280
47.700,71,106784
47.750,73,109792
47.800,74,111296
47.850,73,109792
47.900,76,114304
47.950,75,112800
48.000,76,114304
48.050,75,112800
48.100,77,115808
48.150,78,117312
48.200,76,114304
48.250,77,115808
48.300,77,115808
48.350,77,115808
48.400,77,115808
48.450,78,117312
48.500,80,120320
48.550,79,118816
48.600,79,118816
48.650,80,120320
48.700,79,118816
48.750,80,120320
48.800,80,120320
48.850,79,118816
48.900,80,120320
48.950,80,120320
49.000,82,123328
49.050,82,123328
49.100,81,121824
49.150,81,121824
49.200,82,123328
49.250,82,123328
49.300,82,123328
49.350,82,123328
49.400,81,121824
49.450,81,121824
49.500,81,121824
49.550,82,123328
49.600,82,123328
49.650,81,121824
49.700,81,121824
49.750,80,120320
49.800,82,123328
49.850,81,121824
49.900,82,123328
49.950,81,121824
50.000,81,121824
50.050,82,123328
50.100,82,123328
50.150,81,121824
50.200,82,123328
50.250,81,121824
50.300,82,123328
50.350,82,123328
50.400,81,121824
50.450,81,121824
50.500,81,121824
50.550,81,121824
50.600,82,123328
50.650,82,123328
50.700,81,121824
50.750,81,121824
50.800,81,121824
50.850,81,121824
50.900,80,120320
50.950,81,121824
51.000,81,121824
51.050,82,123328
51.100,81,121824
51.150,82,123328
51.200,82,123328
51.250,81,121824
51.300,81,121824
51.350,81,121824
51.400,81,121824
51.450,82,123328
51.500,82,123328
51.550,81,121824
51.600,82,123328
51.650,82,123328
51.700,82,123328
51.750,82,123328
51.800,81,121824
51.850,83,124832
51.900,82,123328
51.950,84,126336
52.000,84,126336
52.050,84,126336
52.100,83,124832
52.150,83,124832
52.200,84,126336
52.250,85,127840
52.300,85,127840
52.350,85,127840
52.400,83,124832
52.450,84,126336
52.500,85,127840
52.550,84,126336
52.600,86,129344
52.650,85,127840
52.700,87,130848
52.750,86,129344
52.800,84,126336
52.850,85,127840
52.900,88,132352
52.950,87,130848
53.000,87,130848
53.050,88,132352
53.100,88,132352
53.150,88,132352
53.200,88,132352
53.250,89,133856
53.300,90,135360
53.350,90,135360
53.400,89,133856
53.450,91,136864
53.500,91,136864
53.550,92,138368
53.600,93,139872
53.650,94,141376
53.700,93,139872
53.750,93,139872
53.800,94,141376
53.850,95,142880
53.900,96,144384
53.950,96,144384
54.000,97,145888
54.050,98,147392
54.100,98,147392
54.150,99,148896
54.200,100,150400
54.250,98,147392
54.300,91,136864
54.350,84,126336
54.400,79,118816
54.450,72,108288
54.500,72,108288
54.550,73,109792
54.600,73,109792
54.650,72,108288
54.700,72,108288
54.750,73,109792
54.800,75,112800
54.850,75,112800
54.900,74,111296
54.950,76,114304
55.000,78,117312
55.050,79,118816
55.100,79,118816
55.150,81,121824
55.200,80,120320
55.250,83,124832
55.300,84,126336
55.350,85,127840
55.400,85,127840
55.450,84,126336
55.500,84,126336
55.550,87,130848
55.600,89,133856
55.650,88,132352
55.700,89,133856
55.750,88,132352
55.800,91,136864
55.850,90,135360
55.900,92,138368
55.950,93,139872
56.000,94,141376
56.050,93,139872
56.100,92,138368
56.150,95,142880
56.200,95,142880
56.250,95,142880
56.300,96,144384
56.350,94,141376
56.400,97,145888
56.450,95,142880
56.500,97,145888
56.550,99,148896
56.600,99,148896
56.650,98,147392
56.700,99,148896
56.750,98,147392
56.800,100,150400
56.850,100,150400
56.900,98,147392
56.950,101,151904
57.000,101,151904
57.050,101,151904
57.100,101,151904
57.150,103,154912
57.200,97,145888
57.250,91,136864
57.300,84,126336
57.350,77,115808
57.400,74,111296
57.450,74,111296
57.500,74,111296
57.550,74,111296
57.600,72,108288
57.650,73,109792
57.700,74,111296
57.750,75,112800
57.800,75,112800
57.850,74,111296
57.900,78,117312
57.950,77,115808
58.000,78,117312
58.050,77,115808
58.100,79,118816
58.150,78,117312
58.200,80,120320
58.250,79,118816
58.300,82,123328
58.350,82,123328
58.400,81,121824
58.450,82,123328
58.500,81,121824
58.550,84,126336
58.600,84,126336
58.650,83,124832
58.700,84,126336
58.750,84,126336
58.800,85,127840
58.850,83,124832
58.900,85,127840
58.950,85,127840
59.000,86,129344
59.050,84,126336
59.100,85,127840
59.150,86,129344
59.200,85,127840
59.250,86,129344
59.300,88,132352
59.350,87,130848
59.400,87,130848
59.450,88,132352
59.500,87,130848
59.550,88,132352
59.600,88,132352
59.650,87,130848
59.700,88,132352
59.750,88,132352
59.800,88,132352
59.850,88,132352
59.900,87,130848
59.950,87,130848
60.000,88,132352
60.050,88,132352
60.100,88,132352
60.150,88,132352
60.200,87,130848
60.250,87,130848
60.300,88,132352
60.350,87,130848
60.400,88,132352
60.450,87,130848
60.500,87,130848
60.550,82,123328
60.600,61,91744
60.650,40,60160
