cc,bw_mbps,rtt_ms,queue_pkts,exec_time_submit_to_data_s,intent_duration_s,status,experiment_id,orchestration_overhead_s
reno,15,139,64,146.78,60,complete,wget_15_15_139_pfifo_reno_dc721e3a,86.78
reno,5,85,64,166.93,60,complete,wget_5_5_85_pfifo_reno_ebb49367,106.93
cubic,5,85,64,182.18,60,complete,wget_5_5_85_pfifo_cubic_6b5a7a76,122.18
bbr,5,85,64,177.02,60,complete,wget_5_5_85_pfifo_bbr_9bc191b8,117.02
bic,5,85,64,182.03,60,complete,wget_5_5_85_pfifo_bic_02b579f8,122.03
cdg,5,85,64,171.87,60,complete,wget_5_5_85_pfifo_cdg_4ae52369,111.87
highspeed,5,85,64,187.11,60,complete,wget_5_5_85_pfifo_highspeed_644c8b5c,127.11
htcp,5,85,64,176.99,60,complete,wget_5_5_85_pfifo_htcp_5a06f74c,116.99
hybla,5,85,64,182.04,60,complete,wget_5_5_85_pfifo_hybla_18bd399e,122.04
illinois,5,85,64,176.88,60,complete,wget_5_5_85_pfifo_illinois_f9d23e41,116.88
nv,5,85,64,181.88,60,complete,wget_5_5_85_pfifo_nv_f9d38f64,121.88
scalable,5,85,64,176.9,60,complete,wget_5_5_85_pfifo_scalable_2804c977,116.9
vegas,5,85,64,182.08,60,complete,wget_5_5_85_pfifo_vegas_0f00a7bf,122.08
veno,5,85,64,177.03,60,complete,wget_5_5_85_pfifo_veno_2de45b59,117.03
westwood,5,85,64,182.09,60,complete,wget_5_5_85_pfifo_westwood_14a0f666,122.09
yeah,5,85,64,182.07,60,complete,wget_5_5_85_pfifo_yeah_691680ea,122.07
reno,5,130,64,176.86,60,complete,wget_5_5_130_pfifo_reno_cfac1df0,116.86
cubic,5,130,64,181.93,60,complete,wget_5_5_130_pfifo_cubic_84d64611,121.93
bbr,5,130,64,176.94,60,complete,wget_5_5_130_pfifo_bbr_ab5b84bb,116.94
bic,5,130,64,181.93,60,complete,wget_5_5_130_pfifo_bic_5737f9eb,121.93
cdg,5,130,64,166.92,60,complete,wget_5_5_130_pfifo_cdg_f4e9180f,106.92
highspeed,5,130,64,192.17,60,complete,wget_5_5_130_pfifo_highspeed_7310c24f,132.17
htcp,5,130,64,176.84,60,complete,wget_5_5_130_pfifo_htcp_e585b2d6,116.84
hybla,5,130,64,181.98,60,complete,wget_5_5_130_pfifo_hybla_9e1c0932,121.98
illinois,5,130,64,176.95,60,complete,wget_5_5_130_pfifo_illinois_9f1cd16c,116.95
nv,5,130,64,182.06,60,complete,wget_5_5_130_pfifo_nv_f483c7b0,122.06
scalable,5,130,64,177.06,60,complete,wget_5_5_130_pfifo_scalable_3d845743,117.06
vegas,5,130,64,182.13,60,complete,wget_5_5_130_pfifo_vegas_5b24aa4b,122.13
veno,5,130,64,177.01,60,complete,wget_5_5_130_pfifo_veno_113a83c8,117.01
westwood,5,130,64,177.01,60,complete,wget_5_5_130_pfifo_westwood_b7d1204d,117.01
yeah,5,130,64,182.17,60,complete,wget_5_5_130_pfifo_yeah_e30d52a3,122.17
reno,10,85,128,177.08,60,complete,wget_10_10_85_pfifo_reno_cb24c6fd,117.08
cubic,10,85,128,182.07,60,complete,wget_10_10_85_pfifo_cubic_bf52af9e,122.07
bbr,10,85,128,176.99,60,complete,wget_10_10_85_pfifo_bbr_f0185bf3,116.99
bic,10,85,128,182.12,60,complete,wget_10_10_85_pfifo_bic_7d5e3778,122.12
cdg,10,85,128,166.91,60,complete,wget_10_10_85_pfifo_cdg_8ec69560,106.91
highspeed,10,85,128,192.12,60,complete,wget_10_10_85_pfifo_highspeed_686aab74,132.12
htcp,10,85,128,176.86,60,complete,wget_10_10_85_pfifo_htcp_bd4ebb90,116.86
hybla,10,85,128,181.98,60,complete,wget_10_10_85_pfifo_hybla_776d6b85,121.98
illinois,10,85,128,177.04,60,complete,wget_10_10_85_pfifo_illinois_99c28ac4,117.04
nv,10,85,128,181.97,60,complete,wget_10_10_85_pfifo_nv_58e1fa01,121.97
scalable,10,85,128,176.96,60,complete,wget_10_10_85_pfifo_scalable_ca5c7c79,116.96
vegas,10,85,128,182.04,60,complete,wget_10_10_85_pfifo_vegas_35778c55,122.04
veno,10,85,128,177.06,60,complete,wget_10_10_85_pfifo_veno_f225326f,117.06
westwood,10,85,128,177.02,60,complete,wget_10_10_85_pfifo_westwood_9a48c71f,117.02
yeah,10,85,128,182.14,60,complete,wget_10_10_85_pfifo_yeah_69728223,122.14
reno,10,130,128,176.99,60,complete,wget_10_10_130_pfifo_reno_e921c88e,116.99
cubic,10,130,128,182.05,60,complete,wget_10_10_130_pfifo_cubic_43f9bef8,122.05
bbr,10,130,128,176.96,60,complete,wget_10_10_130_pfifo_bbr_69093634,116.96
bic,10,130,128,182.08,60,complete,wget_10_10_130_pfifo_bic_feaac8c9,122.08
cdg,10,130,128,166.94,60,complete,wget_10_10_130_pfifo_cdg_8a66ecbf,106.94
highspeed,10,130,128,192.12,60,complete,wget_10_10_130_pfifo_highspeed_b2779504,132.12
htcp,10,130,128,177.01,60,complete,wget_10_10_130_pfifo_htcp_eb5e9df2,117.01
hybla,10,130,128,181.95,60,complete,wget_10_10_130_pfifo_hybla_09c4f5b7,121.95
illinois,10,130,128,176.86,60,complete,wget_10_10_130_pfifo_illinois_86535781,116.86
nv,10,130,128,181.97,60,complete,wget_10_10_130_pfifo_nv_9c41f04d,121.97
scalable,10,130,128,176.97,60,complete,wget_10_10_130_pfifo_scalable_bf1d5c0f,116.97
vegas,10,130,128,182.14,60,complete,wget_10_10_130_pfifo_vegas_1156c4ed,122.14
veno,10,130,128,177.02,60,complete,wget_10_10_130_pfifo_veno_94d29f98,117.02
westwood,10,130,128,176.97,60,complete,wget_10_10_130_pfifo_westwood_525c1c9f,116.97
yeah,10,130,128,182.06,60,complete,wget_10_10_130_pfifo_yeah_202e17bb,122.06
reno,10,275,256,181.95,60,complete,wget_10_10_275_pfifo_reno_e95ddc1b,121.95
cubic,10,275,256,177.03,60,complete,wget_10_10_275_pfifo_cubic_99bfae7b,117.03
bbr,10,275,256,177.01,60,complete,wget_10_10_275_pfifo_bbr_e0330595,117.01
bic,10,275,256,182.11,60,complete,wget_10_10_275_pfifo_bic_099cd051,122.11
cdg,10,275,256,146.72,60,complete,wget_10_10_275_pfifo_cdg_f56bf413,86.72
highspeed,10,275,256,151.63,60,complete,wget_10_10_275_pfifo_highspeed_dfe2b32b,91.63
htcp,10,275,256,181.96,60,complete,wget_10_10_275_pfifo_htcp_47b36561,121.96
hybla,10,275,256,177.14,60,complete,wget_10_10_275_pfifo_hybla_4794ebc7,117.14
illinois,10,275,256,182.01,60,complete,wget_10_10_275_pfifo_illinois_03369223,122.01
nv,10,275,256,161.9,60,complete,wget_10_10_275_pfifo_nv_ec844607,101.9
scalable,10,275,256,197.25,60,complete,wget_10_10_275_pfifo_scalable_b54f80ce,137.25
vegas,10,275,256,177.08,60,complete,wget_10_10_275_pfifo_vegas_a053c8e9,117.08
veno,10,275,256,182.08,60,complete,wget_10_10_275_pfifo_veno_c9a4feb6,122.08
westwood,10,275,256,156.78,60,complete,wget_10_10_275_pfifo_westwood_2f6946f9,96.78
yeah,10,275,256,141.53,60,complete,wget_10_10_275_pfifo_yeah_d3a2853e,81.53
reno,15,85,256,177.01,60,complete,wget_15_15_85_pfifo_reno_481687a2,117.01
cubic,15,85,256,182.0,60,complete,wget_15_15_85_pfifo_cubic_80ad33b7,122.0
bbr,15,85,256,177.02,60,complete,wget_15_15_85_pfifo_bbr_255096c2,117.02
bic,15,85,256,181.94,60,complete,wget_15_15_85_pfifo_bic_5c1f587f,121.94
cdg,15,85,256,166.9,60,complete,wget_15_15_85_pfifo_cdg_11a4904a,106.9
highspeed,15,85,256,192.17,60,complete,wget_15_15_85_pfifo_highspeed_bf9a3115,132.17
htcp,15,85,256,176.9,60,complete,wget_15_15_85_pfifo_htcp_b1f2eef2,116.9
hybla,15,85,256,182.07,60,complete,wget_15_15_85_pfifo_hybla_65213119,122.07
illinois,15,85,256,176.95,60,complete,wget_15_15_85_pfifo_illinois_3e63835e,116.95
nv,15,85,256,182.02,60,complete,wget_15_15_85_pfifo_nv_607f12c5,122.02
scalable,15,85,256,176.91,60,complete,wget_15_15_85_pfifo_scalable_245d6b37,116.91
vegas,15,85,256,181.96,60,complete,wget_15_15_85_pfifo_vegas_f8f4ae83,121.96
veno,15,85,256,177.02,60,complete,wget_15_15_85_pfifo_veno_9aac588e,117.02
westwood,15,85,256,176.95,60,complete,wget_15_15_85_pfifo_westwood_606e8799,116.95
yeah,15,85,256,181.83,60,complete,wget_15_15_85_pfifo_yeah_afb045a4,121.83
reno,15,130,256,176.95,60,complete,wget_15_15_130_pfifo_reno_b5682357,116.95
cubic,15,130,256,182.13,60,complete,wget_15_15_130_pfifo_cubic_997c5ebe,122.13
bbr,15,130,256,177.0,60,complete,wget_15_15_130_pfifo_bbr_93ca8913,117.0
bic,15,130,256,182.12,60,complete,wget_15_15_130_pfifo_bic_9a8795ad,122.12
cdg,15,130,256,161.97,60,complete,wget_15_15_130_pfifo_cdg_4e9a3c21,101.97
highspeed,15,130,256,197.18,60,complete,wget_15_15_130_pfifo_highspeed_976ca752,137.18
htcp,15,130,256,176.99,60,complete,wget_15_15_130_pfifo_htcp_251cdeb3,116.99
hybla,15,130,256,181.97,60,complete,wget_15_15_130_pfifo_hybla_9161bdc9,121.97
illinois,15,130,256,177.09,60,complete,wget_15_15_130_pfifo_illinois_23b73771,117.09
nv,15,130,256,176.95,60,complete,wget_15_15_130_pfifo_nv_4c451b53,116.95
scalable,15,130,256,181.99,60,complete,wget_15_15_130_pfifo_scalable_f43b6cd2,121.99
vegas,15,130,256,182.13,60,complete,wget_15_15_130_pfifo_vegas_cc0da58f,122.13
veno,15,130,256,177.01,60,complete,wget_15_15_130_pfifo_veno_7f675e3e,117.01
westwood,15,130,256,177.08,60,complete,wget_15_15_130_pfifo_westwood_ccaff111,117.08
yeah,15,130,256,182.03,60,complete,wget_15_15_130_pfifo_yeah_22dfedba,122.03
reno,15,275,512,177.03,60,complete,wget_15_15_275_pfifo_reno_1b3108b7,117.03
cubic,15,275,512,176.9,60,complete,wget_15_15_275_pfifo_cubic_3abaac76,116.9
bbr,15,275,512,182.03,60,complete,wget_15_15_275_pfifo_bbr_0eb36129,122.03
bic,15,275,512,176.98,60,complete,wget_15_15_275_pfifo_bic_571f57dc,116.98
cdg,15,275,512,136.52,60,complete,wget_15_15_275_pfifo_cdg_0a875334,76.52
highspeed,15,275,512,161.76,60,complete,wget_15_15_275_pfifo_highspeed_0f55e5fd,101.76
htcp,15,275,512,182.09,60,complete,wget_15_15_275_pfifo_htcp_77fd1a6d,122.09
hybla,15,275,512,177.08,60,complete,wget_15_15_275_pfifo_hybla_526b11f7,117.08
illinois,15,275,512,182.05,60,complete,wget_15_15_275_pfifo_illinois_f2d701de,122.05
nv,15,275,512,151.82,60,complete,wget_15_15_275_pfifo_nv_2f737bc0,91.82
scalable,15,275,512,146.61,60,complete,wget_15_15_275_pfifo_scalable_4528da6e,86.61
vegas,15,275,512,182.02,60,complete,wget_15_15_275_pfifo_vegas_0f96beef,122.02
veno,15,275,512,176.98,60,complete,wget_15_15_275_pfifo_veno_59a990fa,116.98
westwood,15,275,512,177.02,60,complete,wget_15_15_275_pfifo_westwood_ea4b8561,117.02
yeah,15,275,512,182.11,60,complete,wget_15_15_275_pfifo_yeah_a30676f6,122.11
reno,5,275,1024,177.11,60,complete,wget_5_5_275_pfifo_reno_f3600bc3,117.11
cubic,5,275,1024,182.04,60,complete,wget_5_5_275_pfifo_cubic_d6acfa1f,122.04
bbr,5,275,1024,176.95,60,complete,wget_5_5_275_pfifo_bbr_54720862,116.95
bic,5,275,1024,181.99,60,complete,wget_5_5_275_pfifo_bic_0d8d1c4a,121.99
cdg,5,275,1024,146.65,60,complete,wget_5_5_275_pfifo_cdg_4fff8083,86.65
highspeed,5,275,1024,151.64,60,complete,wget_5_5_275_pfifo_highspeed_13d525f7,91.64
htcp,5,275,1024,176.93,60,complete,wget_5_5_275_pfifo_htcp_61980ac4,116.93
hybla,5,275,1024,181.94,60,complete,wget_5_5_275_pfifo_hybla_07c6d081,121.94
illinois,5,275,1024,177.25,60,complete,wget_5_5_275_pfifo_illinois_ead2b381,117.25
nv,5,275,1024,177.08,60,complete,wget_5_5_275_pfifo_nv_dbc4945d,117.08
scalable,5,275,1024,187.03,60,complete,wget_5_5_275_pfifo_scalable_57704c10,127.03
vegas,5,275,1024,177.07,60,complete,wget_5_5_275_pfifo_vegas_0a1d0036,117.07
veno,5,275,1024,182.05,60,complete,wget_5_5_275_pfifo_veno_1e7a0e6f,122.05
westwood,5,275,1024,171.96,60,complete,wget_5_5_275_pfifo_westwood_32a7efb3,111.96
yeah,5,275,1024,187.05,60,complete,wget_5_5_275_pfifo_yeah_cd1d02ae,127.05
