id,role,bw,rtt,queue,cca,rep,secs
0,training,5,85,64,reno,0,20
1,training,5,85,64,reno,1,20
2,training,5,85,64,reno,2,20
3,training,5,85,64,cubic,0,20
4,training,5,85,64,cubic,1,20
5,training,5,85,64,cubic,2,20
6,training,5,85,64,bbr,0,20
7,training,5,85,64,bbr,1,20
8,training,5,85,64,bbr,2,20
9,training,5,85,64,bic,0,20
10,training,5,85,64,bic,1,20
11,training,5,85,64,bic,2,20
12,training,5,85,64,cdg,0,20
13,training,5,85,64,cdg,1,20
14,training,5,85,64,cdg,2,20
15,training,5,85,64,highspeed,0,20
16,training,5,85,64,highspeed,1,20
17,training,5,85,64,highspeed,2,20
18,training,5,85,64,htcp,0,20
19,training,5,85,64,htcp,1,20
20,training,5,85,64,htcp,2,20
21,training,5,85,64,hybla,0,20
22,training,5,85,64,hybla,1,20
23,training,5,85,64,hybla,2,20
24,training,5,85,64,illinois,0,20
25,training,5,85,64,illinois,1,20
26,training,5,85,64,illinois,2,20
27,training,5,85,64,nv,0,20
28,training,5,85,64,nv,1,20
29,training,5,85,64,nv,2,20
30,training,5,85,64,scalable,0,20
31,training,5,85,64,scalable,1,20
32,training,5,85,64,scalable,2,20
33,training,5,85,64,vegas,0,20
34,training,5,85,64,vegas,1,20
35,training,5,85,64,vegas,2,20
36,training,5,85,64,veno,0,20
37,training,5,85,64,veno,1,20
38,training,5,85,64,veno,2,20
39,training,5,85,64,westwood,0,20
40,training,5,85,64,westwood,1,20
41,training,5,85,64,westwood,2,20
42,training,5,85,64,yeah,0,20
43,training,5,85,64,yeah,1,20
44,training,5,85,64,yeah,2,20
45,training,5,130,64,reno,0,20
46,training,5,130,64,reno,1,20
47,training,5,130,64,reno,2,20
48,training,5,130,64,cubic,0,20
49,training,5,130,64,cubic,1,20
50,training,5,130,64,cubic,2,20
51,training,5,130,64,bbr,0,20
52,training,5,130,64,bbr,1,20
53,training,5,130,64,bbr,2,20
54,training,5,130,64,bic,0,20
55,training,5,130,64,bic,1,20
56,training,5,130,64,bic,2,20
57,training,5,130,64,cdg,0,20
58,training,5,130,64,cdg,1,20
59,training,5,130,64,cdg,2,20
60,training,5,130,64,highspeed,0,20
61,training,5,130,64,highspeed,1,20
62,training,5,130,64,highspeed,2,20
63,training,5,130,64,htcp,0,20
64,training,5,130,64,htcp,1,20
65,training,5,130,64,htcp,2,20
66,training,5,130,64,hybla,0,20
67,training,5,130,64,hybla,1,20
68,training,5,130,64,hybla,2,20
69,training,5,130,64,illinois,0,20
70,training,5,130,64,illinois,1,20
71,training,5,130,64,illinois,2,20
72,training,5,130,64,nv,0,20
73,training,5,130,64,nv,1,20
74,training,5,130,64,nv,2,20
75,training,5,130,64,scalable,0,20
76,training,5,130,64,scalable,1,20
77,training,5,130,64,scalable,2,20
78,training,5,130,64,vegas,0,20
79,training,5,130,64,vegas,1,20
80,training,5,130,64,vegas,2,20
81,training,5,130,64,veno,0,20
82,training,5,130,64,veno,1,20
83,training,5,130,64,veno,2,20
84,training,5,130,64,westwood,0,20
85,training,5,130,64,westwood,1,20
86,training,5,130,64,westwood,2,20
87,training,5,130,64,yeah,0,20
88,training,5,130,64,yeah,1,20
89,training,5,130,64,yeah,2,20
90,training,5,275,128,reno,0,20
91,training,5,275,128,reno,1,20
92,training,5,275,128,reno,2,20
93,training,5,275,128,cubic,0,20
94,training,5,275,128,cubic,1,20
95,training,5,275,128,cubic,2,20
96,training,5,275,128,bbr,0,20
97,training,5,275,128,bbr,1,20
98,training,5,275,128,bbr,2,20
99,training,5,275,128,bic,0,20
100,training,5,275,128,bic,1,20
101,training,5,275,128,bic,2,20
102,training,5,275,128,cdg,0,20
103,training,5,275,128,cdg,1,20
104,training,5,275,128,cdg,2,20
105,training,5,275,128,highspeed,0,20
106,training,5,275,128,highspeed,1,20
107,training,5,275,128,highspeed,2,20
108,training,5,275,128,htcp,0,20
109,training,5,275,128,htcp,1,20
110,training,5,275,128,htcp,2,20
111,training,5,275,128,hybla,0,20
112,training,5,275,128,hybla,1,20
113,training,5,275,128,hybla,2,20
114,training,5,275,128,illinois,0,20
115,training,5,275,128,illinois,1,20
116,training,5,275,128,illinois,2,20
117,training,5,275,128,nv,0,20
118,training,5,275,128,nv,1,20
119,training,5,275,128,nv,2,20
120,training,5,275,128,scalable,0,20
121,training,5,275,128,scalable,1,20
122,training,5,275,128,scalable,2,20
123,training,5,275,128,vegas,0,20
124,training,5,275,128,vegas,1,20
125,training,5,275,128,vegas,2,20
126,training,5,275,128,veno,0,20
127,training,5,275,128,veno,1,20
128,training,5,275,128,veno,2,20
129,training,5,275,128,westwood,0,20
130,training,5,275,128,westwood,1,20
131,training,5,275,128,westwood,2,20
132,training,5,275,128,yeah,0,20
133,training,5,275,128,yeah,1,20
134,training,5,275,128,yeah,2,20
135,training,10,85,128,reno,0,20
136,training,10,85,128,reno,1,20
137,training,10,85,128,reno,2,20
138,training,10,85,128,cubic,0,20
139,training,10,85,128,cubic,1,20
140,training,10,85,128,cubic,2,20
141,training,10,85,128,bbr,0,20
142,training,10,85,128,bbr,1,20
143,training,10,85,128,bbr,2,20
144,training,10,85,128,bic,0,20
145,training,10,85,128,bic,1,20
146,training,10,85,128,bic,2,20
147,training,10,85,128,cdg,0,20
148,training,10,85,128,cdg,1,20
149,training,10,85,128,cdg,2,20
150,training,10,85,128,highspeed,0,20
151,training,10,85,128,highspeed,1,20
152,training,10,85,128,highspeed,2,20
153,training,10,85,128,htcp,0,20
154,training,10,85,128,htcp,1,20
155,training,10,85,128,htcp,2,20
156,training,10,85,128,hybla,0,20
157,training,10,85,128,hybla,1,20
158,training,10,85,128,hybla,2,20
159,training,10,85,128,illinois,0,20
160,training,10,85,128,illinois,1,20
161,training,10,85,128,illinois,2,20
162,training,10,85,128,nv,0,20
163,training,10,85,128,nv,1,20
164,training,10,85,128,nv,2,20
165,training,10,85,128,scalable,0,20
166,training,10,85,128,scalable,1,20
167,training,10,85,128,scalable,2,20
168,training,10,85,128,vegas,0,20
169,training,10,85,128,vegas,1,20
170,training,10,85,128,vegas,2,20
171,training,10,85,128,veno,0,20
172,training,10,85,128,veno,1,20
173,training,10,85,128,veno,2,20
174,training,10,85,128,westwood,0,20
175,training,10,85,128,westwood,1,20
176,training,10,85,128,westwood,2,20
177,training,10,85,128,yeah,0,20
178,training,10,85,128,yeah,1,20
179,training,10,85,128,yeah,2,20
180,training,10,130,128,reno,0,20
181,training,10,130,128,reno,1,20
182,training,10,130,128,reno,2,20
183,training,10,130,128,cubic,0,20
184,training,10,130,128,cubic,1,20
185,training,10,130,128,cubic,2,20
186,training,10,130,128,bbr,0,20
187,training,10,130,128,bbr,1,20
188,training,10,130,128,bbr,2,20
189,training,10,130,128,bic,0,20
190,training,10,130,128,bic,1,20
191,training,10,130,128,bic,2,20
192,training,10,130,128,cdg,0,20
193,training,10,130,128,cdg,1,20
194,training,10,130,128,cdg,2,20
195,training,10,130,128,highspeed,0,20
196,training,10,130,128,highspeed,1,20
197,training,10,130,128,highspeed,2,20
198,training,10,130,128,htcp,0,20
199,training,10,130,128,htcp,1,20
200,training,10,130,128,htcp,2,20
201,training,10,130,128,hybla,0,20
202,training,10,130,128,hybla,1,20
203,training,10,130,128,hybla,2,20
204,training,10,130,128,illinois,0,20
205,training,10,130,128,illinois,1,20
206,training,10,130,128,illinois,2,20
207,training,10,130,128,nv,0,20
208,training,10,130,128,nv,1,20
209,training,10,130,128,nv,2,20
210,training,10,130,128,scalable,0,20
211,training,10,130,128,scalable,1,20
212,training,10,130,128,scalable,2,20
213,training,10,130,128,vegas,0,20
214,training,10,130,128,vegas,1,20
215,training,10,130,128,vegas,2,20
216,training,10,130,128,veno,0,20
217,training,10,130,128,veno,1,20
218,training,10,130,128,veno,2,20
219,training,10,130,128,westwood,0,20
220,training,10,130,128,westwood,1,20
221,training,10,130,128,westwood,2,20
222,training,10,130,128,yeah,0,20
223,training,10,130,128,yeah,1,20
224,training,10,130,128,yeah,2,20
225,training,10,275,256,reno,0,20
226,training,10,275,256,reno,1,20
227,training,10,275,256,reno,2,20
228,training,10,275,256,cubic,0,20
229,training,10,275,256,cubic,1,20
230,training,10,275,256,cubic,2,20
231,training,10,275,256,bbr,0,20
232,training,10,275,256,bbr,1,20
233,training,10,275,256,bbr,2,20
234,training,10,275,256,bic,0,20
235,training,10,275,256,bic,1,20
236,training,10,275,256,bic,2,20
237,training,10,275,256,cdg,0,20
238,training,10,275,256,cdg,1,20
239,training,10,275,256,cdg,2,20
240,training,10,275,256,highspeed,0,20
241,training,10,275,256,highspeed,1,20
242,training,10,275,256,highspeed,2,20
243,training,10,275,256,htcp,0,20
244,training,10,275,256,htcp,1,20
245,training,10,275,256,htcp,2,20
246,training,10,275,256,hybla,0,20
247,training,10,275,256,hybla,1,20
248,training,10,275,256,hybla,2,20
249,training,10,275,256,illinois,0,20
250,training,10,275,256,illinois,1,20
251,training,10,275,256,illinois,2,20
252,training,10,275,256,nv,0,20
253,training,10,275,256,nv,1,20
254,training,10,275,256,nv,2,20
255,training,10,275,256,scalable,0,20
256,training,10,275,256,scalable,1,20
257,training,10,275,256,scalable,2,20
258,training,10,275,256,vegas,0,20
259,training,10,275,256,vegas,1,20
260,training,10,275,256,vegas,2,20
261,training,10,275,256,veno,0,20
262,training,10,275,256,veno,1,20
263,training,10,275,256,veno,2,20
264,training,10,275,256,westwood,0,20
265,training,10,275,256,westwood,1,20
266,training,10,275,256,westwood,2,20
267,training,10,275,256,yeah,0,20
268,training,10,275,256,yeah,1,20
269,training,10,275,256,yeah,2,20
270,training,15,85,256,reno,0,20
271,training,15,85,256,reno,1,20
272,training,15,85,256,reno,2,20
273,training,15,85,256,cubic,0,20
274,training,15,85,256,cubic,1,20
275,training,15,85,256,cubic,2,20
276,training,15,85,256,bbr,0,20
277,training,15,85,256,bbr,1,20
278,training,15,85,256,bbr,2,20
279,training,15,85,256,bic,0,20
280,training,15,85,256,bic,1,20
281,training,15,85,256,bic,2,20
282,training,15,85,256,cdg,0,20
283,training,15,85,256,cdg,1,20
284,training,15,85,256,cdg,2,20
285,training,15,85,256,highspeed,0,20
286,training,15,85,256,highspeed,1,20
287,training,15,85,256,highspeed,2,20
288,training,15,85,256,htcp,0,20
289,training,15,85,256,htcp,1,20
290,training,15,85,256,htcp,2,20
291,training,15,85,256,hybla,0,20
292,training,15,85,256,hybla,1,20
293,training,15,85,256,hybla,2,20
294,training,15,85,256,illinois,0,20
295,training,15,85,256,illinois,1,20
296,training,15,85,256,illinois,2,20
297,training,15,85,256,nv,0,20
298,training,15,85,256,nv,1,20
299,training,15,85,256,nv,2,20
300,training,15,85,256,scalable,0,20
301,training,15,85,256,scalable,1,20
302,training,15,85,256,scalable,2,20
303,training,15,85,256,vegas,0,20
304,training,15,85,256,vegas,1,20
305,training,15,85,256,vegas,2,20
306,training,15,85,256,veno,0,20
307,training,15,85,256,veno,1,20
308,training,15,85,256,veno,2,20
309,training,15,85,256,westwood,0,20
310,training,15,85,256,westwood,1,20
311,training,15,85,256,westwood,2,20
312,training,15,85,256,yeah,0,20
313,training,15,85,256,yeah,1,20
314,training,15,85,256,yeah,2,20
315,training,15,130,256,reno,0,20
316,training,15,130,256,reno,1,20
317,training,15,130,256,reno,2,20
318,training,15,130,256,cubic,0,20
319,training,15,130,256,cubic,1,20
320,training,15,130,256,cubic,2,20
321,training,15,130,256,bbr,0,20
322,training,15,130,256,bbr,1,20
323,training,15,130,256,bbr,2,20
324,training,15,130,256,bic,0,20
325,training,15,130,256,bic,1,20
326,training,15,130,256,bic,2,20
327,training,15,130,256,cdg,0,20
328,training,15,130,256,cdg,1,20
329,training,15,130,256,cdg,2,20
330,training,15,130,256,highspeed,0,20
331,training,15,130,256,highspeed,1,20
332,training,15,130,256,highspeed,2,20
333,training,15,130,256,htcp,0,20
334,training,15,130,256,htcp,1,20
335,training,15,130,256,htcp,2,20
336,training,15,130,256,hybla,0,20
337,training,15,130,256,hybla,1,20
338,training,15,130,256,hybla,2,20
339,training,15,130,256,illinois,0,20
340,training,15,130,256,illinois,1,20
341,training,15,130,256,illinois,2,20
342,training,15,130,256,nv,0,20
343,training,15,130,256,nv,1,20
344,training,15,130,256,nv,2,20
345,training,15,130,256,scalable,0,20
346,training,15,130,256,scalable,1,20
347,training,15,130,256,scalable,2,20
348,training,15,130,256,vegas,0,20
349,training,15,130,256,vegas,1,20
350,training,15,130,256,vegas,2,20
351,training,15,130,256,veno,0,20
352,training,15,130,256,veno,1,20
353,training,15,130,256,veno,2,20
354,training,15,130,256,westwood,0,20
355,training,15,130,256,westwood,1,20
356,training,15,130,256,westwood,2,20
357,training,15,130,256,yeah,0,20
358,training,15,130,256,yeah,1,20
359,training,15,130,256,yeah,2,20
360,training,15,275,512,reno,0,20
361,training,15,275,512,reno,1,20
362,training,15,275,512,reno,2,20
363,training,15,275,512,cubic,0,20
364,training,15,275,512,cubic,1,20
365,training,15,275,512,cubic,2,20
366,training,15,275,512,bbr,0,20
367,training,15,275,512,bbr,1,20
368,training,15,275,512,bbr,2,20
369,training,15,275,512,bic,0,20
370,training,15,275,512,bic,1,20
371,training,15,275,512,bic,2,20
372,training,15,275,512,cdg,0,20
373,training,15,275,512,cdg,1,20
374,training,15,275,512,cdg,2,20
375,training,15,275,512,highspeed,0,20
376,training,15,275,512,highspeed,1,20
377,training,15,275,512,highspeed,2,20
378,training,15,275,512,htcp,0,20
379,training,15,275,512,htcp,1,20
380,training,15,275,512,htcp,2,20
381,training,15,275,512,hybla,0,20
382,training,15,275,512,hybla,1,20
383,training,15,275,512,hybla,2,20
384,training,15,275,512,illinois,0,20
385,training,15,275,512,illinois,1,20
386,training,15,275,512,illinois,2,20
387,training,15,275,512,nv,0,20
388,training,15,275,512,nv,1,20
389,training,15,275,512,nv,2,20
390,training,15,275,512,scalable,0,20
391,training,15,275,512,scalable,1,20
392,training,15,275,512,scalable,2,20
393,training,15,275,512,vegas,0,20
394,training,15,275,512,vegas,1,20
395,training,15,275,512,vegas,2,20
396,training,15,275,512,veno,0,20
397,training,15,275,512,veno,1,20
398,training,15,275,512,veno,2,20
399,training,15,275,512,westwood,0,20
400,training,15,275,512,westwood,1,20
401,training,15,275,512,westwood,2,20
402,training,15,275,512,yeah,0,20
403,training,15,275,512,yeah,1,20
404,training,15,275,512,yeah,2,20
405,testing,5,85,64,reno,0,60
406,testing,5,85,64,reno,1,60
407,testing,5,85,64,reno,2,60
408,testing,5,85,64,reno,3,60
409,testing,5,85,64,reno,4,60
410,testing,5,85,64,cubic,0,60
411,testing,5,85,64,cubic,1,60
412,testing,5,85,64,cubic,2,60
413,testing,5,85,64,cubic,3,60
414,testing,5,85,64,cubic,4,60
415,testing,5,85,64,bbr,0,60
416,testing,5,85,64,bbr,1,60
417,testing,5,85,64,bbr,2,60
418,testing,5,85,64,bbr,3,60
419,testing,5,85,64,bbr,4,60
420,testing,5,85,64,bic,0,60
421,testing,5,85,64,bic,1,60
422,testing,5,85,64,bic,2,60
423,testing,5,85,64,bic,3,60
424,testing,5,85,64,bic,4,60
425,testing,5,85,64,cdg,0,60
426,testing,5,85,64,cdg,1,60
427,testing,5,85,64,cdg,2,60
428,testing,5,85,64,cdg,3,60
429,testing,5,85,64,cdg,4,60
430,testing,5,85,64,highspeed,0,60
431,testing,5,85,64,highspeed,1,60
432,testing,5,85,64,highspeed,2,60
433,testing,5,85,64,highspeed,3,60
434,testing,5,85,64,highspeed,4,60
435,testing,5,85,64,htcp,0,60
436,testing,5,85,64,htcp,1,60
437,testing,5,85,64,htcp,2,60
438,testing,5,85,64,htcp,3,60
439,testing,5,85,64,htcp,4,60
440,testing,5,85,64,hybla,0,60
441,testing,5,85,64,hybla,1,60
442,testing,5,85,64,hybla,2,60
443,testing,5,85,64,hybla,3,60
444,testing,5,85,64,hybla,4,60
445,testing,5,85,64,illinois,0,60
446,testing,5,85,64,illinois,1,60
447,testing,5,85,64,illinois,2,60
448,testing,5,85,64,illinois,3,60
449,testing,5,85,64,illinois,4,60
450,testing,5,85,64,nv,0,60
451,testing,5,85,64,nv,1,60
452,testing,5,85,64,nv,2,60
453,testing,5,85,64,nv,3,60
454,testing,5,85,64,nv,4,60
455,testing,5,85,64,scalable,0,60
456,testing,5,85,64,scalable,1,60
457,testing,5,85,64,scalable,2,60
458,testing,5,85,64,scalable,3,60
459,testing,5,85,64,scalable,4,60
460,testing,5,85,64,vegas,0,60
461,testing,5,85,64,vegas,1,60
462,testing,5,85,64,vegas,2,60
463,testing,5,85,64,vegas,3,60
464,testing,5,85,64,vegas,4,60
465,testing,5,85,64,veno,0,60
466,testing,5,85,64,veno,1,60
467,testing,5,85,64,veno,2,60
468,testing,5,85,64,veno,3,60
469,testing,5,85,64,veno,4,60
470,testing,5,85,64,westwood,0,60
471,testing,5,85,64,westwood,1,60
472,testing,5,85,64,westwood,2,60
473,testing,5,85,64,westwood,3,60
474,testing,5,85,64,westwood,4,60
475,testing,5,85,64,yeah,0,60
476,testing,5,85,64,yeah,1,60
477,testing,5,85,64,yeah,2,60
478,testing,5,85,64,yeah,3,60
479,testing,5,85,64,yeah,4,60
480,testing,5,130,64,reno,0,60
481,testing,5,130,64,reno,1,60
482,testing,5,130,64,reno,2,60
483,testing,5,130,64,reno,3,60
484,testing,5,130,64,reno,4,60
485,testing,5,130,64,cubic,0,60
486,testing,5,130,64,cubic,1,60
487,testing,5,130,64,cubic,2,60
488,testing,5,130,64,cubic,3,60
489,testing,5,130,64,cubic,4,60
490,testing,5,130,64,bbr,0,60
491,testing,5,130,64,bbr,1,60
492,testing,5,130,64,bbr,2,60
493,testing,5,130,64,bbr,3,60
494,testing,5,130,64,bbr,4,60
495,testing,5,130,64,bic,0,60
496,testing,5,130,64,bic,1,60
497,testing,5,130,64,bic,2,60
498,testing,5,130,64,bic,3,60
499,testing,5,130,64,bic,4,60
500,testing,5,130,64,cdg,0,60
501,testing,5,130,64,cdg,1,60
502,testing,5,130,64,cdg,2,60
503,testing,5,130,64,cdg,3,60
504,testing,5,130,64,cdg,4,60
505,testing,5,130,64,highspeed,0,60
506,testing,5,130,64,highspeed,1,60
507,testing,5,130,64,highspeed,2,60
508,testing,5,130,64,highspeed,3,60
509,testing,5,130,64,highspeed,4,60
510,testing,5,130,64,htcp,0,60
511,testing,5,130,64,htcp,1,60
512,testing,5,130,64,htcp,2,60
513,testing,5,130,64,htcp,3,60
514,testing,5,130,64,htcp,4,60
515,testing,5,130,64,hybla,0,60
516,testing,5,130,64,hybla,1,60
517,testing,5,130,64,hybla,2,60
518,testing,5,130,64,hybla,3,60
519,testing,5,130,64,hybla,4,60
520,testing,5,130,64,illinois,0,60
521,testing,5,130,64,illinois,1,60
522,testing,5,130,64,illinois,2,60
523,testing,5,130,64,illinois,3,60
524,testing,5,130,64,illinois,4,60
525,testing,5,130,64,nv,0,60
526,testing,5,130,64,nv,1,60
527,testing,5,130,64,nv,2,60
528,testing,5,130,64,nv,3,60
529,testing,5,130,64,nv,4,60
530,testing,5,130,64,scalable,0,60
531,testing,5,130,64,scalable,1,60
532,testing,5,130,64,scalable,2,60
533,testing,5,130,64,scalable,3,60
534,testing,5,130,64,scalable,4,60
535,testing,5,130,64,vegas,0,60
536,testing,5,130,64,vegas,1,60
537,testing,5,130,64,vegas,2,60
538,testing,5,130,64,vegas,3,60
539,testing,5,130,64,vegas,4,60
540,testing,5,130,64,veno,0,60
541,testing,5,130,64,veno,1,60
542,testing,5,130,64,veno,2,60
543,testing,5,130,64,veno,3,60
544,testing,5,130,64,veno,4,60
545,testing,5,130,64,westwood,0,60
546,testing,5,130,64,westwood,1,60
547,testing,5,130,64,westwood,2,60
548,testing,5,130,64,westwood,3,60
549,testing,5,130,64,westwood,4,60
550,testing,5,130,64,yeah,0,60
551,testing,5,130,64,yeah,1,60
552,testing,5,130,64,yeah,2,60
553,testing,5,130,64,yeah,3,60
554,testing,5,130,64,yeah,4,60
555,testing,5,275,128,reno,0,60
556,testing,5,275,128,reno,1,60
557,testing,5,275,128,reno,2,60
558,testing,5,275,128,reno,3,60
559,testing,5,275,128,reno,4,60
560,testing,5,275,128,cubic,0,60
561,testing,5,275,128,cubic,1,60
562,testing,5,275,128,cubic,2,60
563,testing,5,275,128,cubic,3,60
564,testing,5,275,128,cubic,4,60
565,testing,5,275,128,bbr,0,60
566,testing,5,275,128,bbr,1,60
567,testing,5,275,128,bbr,2,60
568,testing,5,275,128,bbr,3,60
569,testing,5,275,128,bbr,4,60
570,testing,5,275,128,bic,0,60
571,testing,5,275,128,bic,1,60
572,testing,5,275,128,bic,2,60
573,testing,5,275,128,bic,3,60
574,testing,5,275,128,bic,4,60
575,testing,5,275,128,cdg,0,60
576,testing,5,275,128,cdg,1,60
577,testing,5,275,128,cdg,2,60
578,testing,5,275,128,cdg,3,60
579,testing,5,275,128,cdg,4,60
580,testing,5,275,128,highspeed,0,60
581,testing,5,275,128,highspeed,1,60
582,testing,5,275,128,highspeed,2,60
583,testing,5,275,128,highspeed,3,60
584,testing,5,275,128,highspeed,4,60
585,testing,5,275,128,htcp,0,60
586,testing,5,275,128,htcp,1,60
587,testing,5,275,128,htcp,2,60
588,testing,5,275,128,htcp,3,60
589,testing,5,275,128,htcp,4,60
590,testing,5,275,128,hybla,0,60
591,testing,5,275,128,hybla,1,60
592,testing,5,275,128,hybla,2,60
593,testing,5,275,128,hybla,3,60
594,testing,5,275,128,hybla,4,60
595,testing,5,275,128,illinois,0,60
596,testing,5,275,128,illinois,1,60
597,testing,5,275,128,illinois,2,60
598,testing,5,275,128,illinois,3,60
599,testing,5,275,128,illinois,4,60
600,testing,5,275,128,nv,0,60
601,testing,5,275,128,nv,1,60
602,testing,5,275,128,nv,2,60
603,testing,5,275,128,nv,3,60
604,testing,5,275,128,nv,4,60
605,testing,5,275,128,scalable,0,60
606,testing,5,275,128,scalable,1,60
607,testing,5,275,128,scalable,2,60
608,testing,5,275,128,scalable,3,60
609,testing,5,275,128,scalable,4,60
610,testing,5,275,128,vegas,0,60
611,testing,5,275,128,vegas,1,60
612,testing,5,275,128,vegas,2,60
613,testing,5,275,128,vegas,3,60
614,testing,5,275,128,vegas,4,60
615,testing,5,275,128,veno,0,60
616,testing,5,275,128,veno,1,60
617,testing,5,275,128,veno,2,60
618,testing,5,275,128,veno,3,60
619,testing,5,275,128,veno,4,60
620,testing,5,275,128,westwood,0,60
621,testing,5,275,128,westwood,1,60
622,testing,5,275,128,westwood,2,60
623,testing,5,275,128,westwood,3,60
624,testing,5,275,128,westwood,4,60
625,testing,5,275,128,yeah,0,60
626,testing,5,275,128,yeah,1,60
627,testing,5,275,128,yeah,2,60
628,testing,5,275,128,yeah,3,60
629,testing,5,275,128,yeah,4,60
630,testing,10,85,128,reno,0,60
631,testing,10,85,128,reno,1,60
632,testing,10,85,128,reno,2,60
633,testing,10,85,128,reno,3,60
634,testing,10,85,128,reno,4,60
635,testing,10,85,128,cubic,0,60
636,testing,10,85,128,cubic,1,60
637,testing,10,85,128,cubic,2,60
638,testing,10,85,128,cubic,3,60
639,testing,10,85,128,cubic,4,60
640,testing,10,85,128,bbr,0,60
641,testing,10,85,128,bbr,1,60
642,testing,10,85,128,bbr,2,60
643,testing,10,85,128,bbr,3,60
644,testing,10,85,128,bbr,4,60
645,testing,10,85,128,bic,0,60
646,testing,10,85,128,bic,1,60
647,testing,10,85,128,bic,2,60
648,testing,10,85,128,bic,3,60
649,testing,10,85,128,bic,4,60
650,testing,10,85,128,cdg,0,60
651,testing,10,85,128,cdg,1,60
652,testing,10,85,128,cdg,2,60
653,testing,10,85,128,cdg,3,60
654,testing,10,85,128,cdg,4,60
655,testing,10,85,128,highspeed,0,60
656,testing,10,85,128,highspeed,1,60
657,testing,10,85,128,highspeed,2,60
658,testing,10,85,128,highspeed,3,60
659,testing,10,85,128,highspeed,4,60
660,testing,10,85,128,htcp,0,60
661,testing,10,85,128,htcp,1,60
662,testing,10,85,128,htcp,2,60
663,testing,10,85,128,htcp,3,60
664,testing,10,85,128,htcp,4,60
665,testing,10,85,128,hybla,0,60
666,testing,10,85,128,hybla,1,60
667,testing,10,85,128,hybla,2,60
668,testing,10,85,128,hybla,3,60
669,testing,10,85,128,hybla,4,60
670,testing,10,85,128,illinois,0,60
671,testing,10,85,128,illinois,1,60
672,testing,10,85,128,illinois,2,60
673,testing,10,85,128,illinois,3,60
674,testing,10,85,128,illinois,4,60
675,testing,10,85,128,nv,0,60
676,testing,10,85,128,nv,1,60
677,testing,10,85,128,nv,2,60
678,testing,10,85,128,nv,3,60
679,testing,10,85,128,nv,4,60
680,testing,10,85,128,scalable,0,60
681,testing,10,85,128,scalable,1,60
682,testing,10,85,128,scalable,2,60
683,testing,10,85,128,scalable,3,60
684,testing,10,85,128,scalable,4,60
685,testing,10,85,128,vegas,0,60
686,testing,10,85,128,vegas,1,60
687,testing,10,85,128,vegas,2,60
688,testing,10,85,128,vegas,3,60
689,testing,10,85,128,vegas,4,60
690,testing,10,85,128,veno,0,60
691,testing,10,85,128,veno,1,60
692,testing,10,85,128,veno,2,60
693,testing,10,85,128,veno,3,60
694,testing,10,85,128,veno,4,60
695,testing,10,85,128,westwood,0,60
696,testing,10,85,128,westwood,1,60
697,testing,10,85,128,westwood,2,60
698,testing,10,85,128,westwood,3,60
699,testing,10,85,128,westwood,4,60
700,testing,10,85,128,yeah,0,60
701,testing,10,85,128,yeah,1,60
702,testing,10,85,128,yeah,2,60
703,testing,10,85,128,yeah,3,60
704,testing,10,85,128,yeah,4,60
705,testing,10,130,128,reno,0,60
706,testing,10,130,128,reno,1,60
707,testing,10,130,128,reno,2,60
708,testing,10,130,128,reno,3,60
709,testing,10,130,128,reno,4,60
710,testing,10,130,128,cubic,0,60
711,testing,10,130,128,cubic,1,60
712,testing,10,130,128,cubic,2,60
713,testing,10,130,128,cubic,3,60
714,testing,10,130,128,cubic,4,60
715,testing,10,130,128,bbr,0,60
716,testing,10,130,128,bbr,1,60
717,testing,10,130,128,bbr,2,60
718,testing,10,130,128,bbr,3,60
719,testing,10,130,128,bbr,4,60
720,testing,10,130,128,bic,0,60
721,testing,10,130,128,bic,1,60
722,testing,10,130,128,bic,2,60
723,testing,10,130,128,bic,3,60
724,testing,10,130,128,bic,4,60
725,testing,10,130,128,cdg,0,60
726,testing,10,130,128,cdg,1,60
727,testing,10,130,128,cdg,2,60
728,testing,10,130,128,cdg,3,60
729,testing,10,130,128,cdg,4,60
730,testing,10,130,128,highspeed,0,60
731,testing,10,130,128,highspeed,1,60
732,testing,10,130,128,highspeed,2,60
733,testing,10,130,128,highspeed,3,60
734,testing,10,130,128,highspeed,4,60
735,testing,10,130,128,htcp,0,60
736,testing,10,130,128,htcp,1,60
737,testing,10,130,128,htcp,2,60
738,testing,10,130,128,htcp,3,60
739,testing,10,130,128,htcp,4,60
740,testing,10,130,128,hybla,0,60
741,testing,10,130,128,hybla,1,60
742,testing,10,130,128,hybla,2,60
743,testing,10,130,128,hybla,3,60
744,testing,10,130,128,hybla,4,60
745,testing,10,130,128,illinois,0,60
746,testing,10,130,128,illinois,1,60
747,testing,10,130,128,illinois,2,60
748,testing,10,130,128,illinois,3,60
749,testing,10,130,128,illinois,4,60
750,testing,10,130,128,nv,0,60
751,testing,10,130,128,nv,1,60
752,testing,10,130,128,nv,2,60
753,testing,10,130,128,nv,3,60
754,testing,10,130,128,nv,4,60
755,testing,10,130,128,scalable,0,60
756,testing,10,130,128,scalable,1,60
757,testing,10,130,128,scalable,2,60
758,testing,10,130,128,scalable,3,60
759,testing,10,130,128,scalable,4,60
760,testing,10,130,128,vegas,0,60
761,testing,10,130,128,vegas,1,60
762,testing,10,130,128,vegas,2,60
763,testing,10,130,128,vegas,3,60
764,testing,10,130,128,vegas,4,60
765,testing,10,130,128,veno,0,60
766,testing,10,130,128,veno,1,60
767,testing,10,130,128,veno,2,60
768,testing,10,130,128,veno,3,60
769,testing,10,130,128,veno,4,60
770,testing,10,130,128,westwood,0,60
771,testing,10,130,128,westwood,1,60
772,testing,10,130,128,westwood,2,60
773,testing,10,130,128,westwood,3,60
774,testing,10,130,128,westwood,4,60
775,testing,10,130,128,yeah,0,60
776,testing,10,130,128,yeah,1,60
777,testing,10,130,128,yeah,2,60
778,testing,10,130,128,yeah,3,60
779,testing,10,130,128,yeah,4,60
780,testing,10,275,256,reno,0,60
781,testing,10,275,256,reno,1,60
782,testing,10,275,256,reno,2,60
783,testing,10,275,256,reno,3,60
784,testing,10,275,256,reno,4,60
785,testing,10,275,256,cubic,0,60
786,testing,10,275,256,cubic,1,60
787,testing,10,275,256,cubic,2,60
788,testing,10,275,256,cubic,3,60
789,testing,10,275,256,cubic,4,60
790,testing,10,275,256,bbr,0,60
791,testing,10,275,256,bbr,1,60
792,testing,10,275,256,bbr,2,60
793,testing,10,275,256,bbr,3,60
794,testing,10,275,256,bbr,4,60
795,testing,10,275,256,bic,0,60
796,testing,10,275,256,bic,1,60
797,testing,10,275,256,bic,2,60
798,testing,10,275,256,bic,3,60
799,testing,10,275,256,bic,4,60
800,testing,10,275,256,cdg,0,60
801,testing,10,275,256,cdg,1,60
802,testing,10,275,256,cdg,2,60
803,testing,10,275,256,cdg,3,60
804,testing,10,275,256,cdg,4,60
805,testing,10,275,256,highspeed,0,60
806,testing,10,275,256,highspeed,1,60
807,testing,10,275,256,highspeed,2,60
808,testing,10,275,256,highspeed,3,60
809,testing,10,275,256,highspeed,4,60
810,testing,10,275,256,htcp,0,60
811,testing,10,275,256,htcp,1,60
812,testing,10,275,256,htcp,2,60
813,testing,10,275,256,htcp,3,60
814,testing,10,275,256,htcp,4,60
815,testing,10,275,256,hybla,0,60
816,testing,10,275,256,hybla,1,60
817,testing,10,275,256,hybla,2,60
818,testing,10,275,256,hybla,3,60
819,testing,10,275,256,hybla,4,60
820,testing,10,275,256,illinois,0,60
821,testing,10,275,256,illinois,1,60
822,testing,10,275,256,illinois,2,60
823,testing,10,275,256,illinois,3,60
824,testing,10,275,256,illinois,4,60
825,testing,10,275,256,nv,0,60
826,testing,10,275,256,nv,1,60
827,testing,10,275,256,nv,2,60
828,testing,10,275,256,nv,3,60
829,testing,10,275,256,nv,4,60
830,testing,10,275,256,scalable,0,60
831,testing,10,275,256,scalable,1,60
832,testing,10,275,256,scalable,2,60
833,testing,10,275,256,scalable,3,60
834,testing,10,275,256,scalable,4,60
835,testing,10,275,256,vegas,0,60
836,testing,10,275,256,vegas,1,60
837,testing,10,275,256,vegas,2,60
838,testing,10,275,256,vegas,3,60
839,testing,10,275,256,vegas,4,60
840,testing,10,275,256,veno,0,60
841,testing,10,275,256,veno,1,60
842,testing,10,275,256,veno,2,60
843,testing,10,275,256,veno,3,60
844,testing,10,275,256,veno,4,60
845,testing,10,275,256,westwood,0,60
846,testing,10,275,256,westwood,1,60
847,testing,10,275,256,westwood,2,60
848,testing,10,275,256,westwood,3,60
849,testing,10,275,256,westwood,4,60
850,testing,10,275,256,yeah,0,60
851,testing,10,275,256,yeah,1,60
852,testing,10,275,256,yeah,2,60
853,testing,10,275,256,yeah,3,60
854,testing,10,275,256,yeah,4,60
855,testing,15,85,256,reno,0,60
856,testing,15,85,256,reno,1,60
857,testing,15,85,256,reno,2,60
858,testing,15,85,256,reno,3,60
859,testing,15,85,256,reno,4,60
860,testing,15,85,256,cubic,0,60
861,testing,15,85,256,cubic,1,60
862,testing,15,85,256,cubic,2,60
863,testing,15,85,256,cubic,3,60
864,testing,15,85,256,cubic,4,60
865,testing,15,85,256,bbr,0,60
866,testing,15,85,256,bbr,1,60
867,testing,15,85,256,bbr,2,60
868,testing,15,85,256,bbr,3,60
869,testing,15,85,256,bbr,4,60
870,testing,15,85,256,bic,0,60
871,testing,15,85,256,bic,1,60
872,testing,15,85,256,bic,2,60
873,testing,15,85,256,bic,3,60
874,testing,15,85,256,bic,4,60
875,testing,15,85,256,cdg,0,60
876,testing,15,85,256,cdg,1,60
877,testing,15,85,256,cdg,2,60
878,testing,15,85,256,cdg,3,60
879,testing,15,85,256,cdg,4,60
880,testing,15,85,256,highspeed,0,60
881,testing,15,85,256,highspeed,1,60
882,testing,15,85,256,highspeed,2,60
883,testing,15,85,256,highspeed,3,60
884,testing,15,85,256,highspeed,4,60
885,testing,15,85,256,htcp,0,60
886,testing,15,85,256,htcp,1,60
887,testing,15,85,256,htcp,2,60
888,testing,15,85,256,htcp,3,60
889,testing,15,85,256,htcp,4,60
890,testing,15,85,256,hybla,0,60
891,testing,15,85,256,hybla,1,60
892,testing,15,85,256,hybla,2,60
893,testing,15,85,256,hybla,3,60
894,testing,15,85,256,hybla,4,60
895,testing,15,85,256,illinois,0,60
896,testing,15,85,256,illinois,1,60
897,testing,15,85,256,illinois,2,60
898,testing,15,85,256,illinois,3,60
899,testing,15,85,256,illinois,4,60
900,testing,15,85,256,nv,0,60
901,testing,15,85,256,nv,1,60
902,testing,15,85,256,nv,2,60
903,testing,15,85,256,nv,3,60
904,testing,15,85,256,nv,4,60
905,testing,15,85,256,scalable,0,60
906,testing,15,85,256,scalable,1,60
907,testing,15,85,256,scalable,2,60
908,testing,15,85,256,scalable,3,60
909,testing,15,85,256,scalable,4,60
910,testing,15,85,256,vegas,0,60
911,testing,15,85,256,vegas,1,60
912,testing,15,85,256,vegas,2,60
913,testing,15,85,256,vegas,3,60
914,testing,15,85,256,vegas,4,60
915,testing,15,85,256,veno,0,60
916,testing,15,85,256,veno,1,60
917,testing,15,85,256,veno,2,60
918,testing,15,85,256,veno,3,60
919,testing,15,85,256,veno,4,60
920,testing,15,85,256,westwood,0,60
921,testing,15,85,256,westwood,1,60
922,testing,15,85,256,westwood,2,60
923,testing,15,85,256,westwood,3,60
924,testing,15,85,256,westwood,4,60
925,testing,15,85,256,yeah,0,60
926,testing,15,85,256,yeah,1,60
927,testing,15,85,256,yeah,2,60
928,testing,15,85,256,yeah,3,60
929,testing,15,85,256,yeah,4,60
930,testing,15,130,256,reno,0,60
931,testing,15,130,256,reno,1,60
932,testing,15,130,256,reno,2,60
933,testing,15,130,256,reno,3,60
934,testing,15,130,256,reno,4,60
935,testing,15,130,256,cubic,0,60
936,testing,15,130,256,cubic,1,60
937,testing,15,130,256,cubic,2,60
938,testing,15,130,256,cubic,3,60
939,testing,15,130,256,cubic,4,60
940,testing,15,130,256,bbr,0,60
941,testing,15,130,256,bbr,1,60
942,testing,15,130,256,bbr,2,60
943,testing,15,130,256,bbr,3,60
944,testing,15,130,256,bbr,4,60
945,testing,15,130,256,bic,0,60
946,testing,15,130,256,bic,1,60
947,testing,15,130,256,bic,2,60
948,testing,15,130,256,bic,3,60
949,testing,15,130,256,bic,4,60
950,testing,15,130,256,cdg,0,60
951,testing,15,130,256,cdg,1,60
952,testing,15,130,256,cdg,2,60
953,testing,15,130,256,cdg,3,60
954,testing,15,130,256,cdg,4,60
955,testing,15,130,256,highspeed,0,60
956,testing,15,130,256,highspeed,1,60
957,testing,15,130,256,highspeed,2,60
958,testing,15,130,256,highspeed,3,60
959,testing,15,130,256,highspeed,4,60
960,testing,15,130,256,htcp,0,60
961,testing,15,130,256,htcp,1,60
962,testing,15,130,256,htcp,2,60
963,testing,15,130,256,htcp,3,60
964,testing,15,130,256,htcp,4,60
965,testing,15,130,256,hybla,0,60
966,testing,15,130,256,hybla,1,60
967,testing,15,130,256,hybla,2,60
968,testing,15,130,256,hybla,3,60
969,testing,15,130,256,hybla,4,60
970,testing,15,130,256,illinois,0,60
971,testing,15,130,256,illinois,1,60
972,testing,15,130,256,illinois,2,60
973,testing,15,130,256,illinois,3,60
974,testing,15,130,256,illinois,4,60
975,testing,15,130,256,nv,0,60
976,testing,15,130,256,nv,1,60
977,testing,15,130,256,nv,2,60
978,testing,15,130,256,nv,3,60
979,testing,15,130,256,nv,4,60
980,testing,15,130,256,scalable,0,60
981,testing,15,130,256,scalable,1,60
982,testing,15,130,256,scalable,2,60
983,testing,15,130,256,scalable,3,60
984,testing,15,130,256,scalable,4,60
985,testing,15,130,256,vegas,0,60
986,testing,15,130,256,vegas,1,60
987,testing,15,130,256,vegas,2,60
988,testing,15,130,256,vegas,3,60
989,testing,15,130,256,vegas,4,60
990,testing,15,130,256,veno,0,60
991,testing,15,130,256,veno,1,60
992,testing,15,130,256,veno,2,60
993,testing,15,130,256,veno,3,60
994,testing,15,130,256,veno,4,60
995,testing,15,130,256,westwood,0,60
996,testing,15,130,256,westwood,1,60
997,testing,15,130,256,westwood,2,60
998,testing,15,130,256,westwood,3,60
999,testing,15,130,256,westwood,4,60
1000,testing,15,130,256,yeah,0,60
1001,testing,15,130,256,yeah,1,60
1002,testing,15,130,256,yeah,2,60
1003,testing,15,130,256,yeah,3,60
1004,testing,15,130,256,yeah,4,60
1005,testing,15,275,512,reno,0,60
1006,testing,15,275,512,reno,1,60
1007,testing,15,275,512,reno,2,60
1008,testing,15,275,512,reno,3,60
1009,testing,15,275,512,reno,4,60
1010,testing,15,275,512,cubic,0,60
1011,testing,15,275,512,cubic,1,60
1012,testing,15,275,512,cubic,2,60
1013,testing,15,275,512,cubic,3,60
1014,testing,15,275,512,cubic,4,60
1015,testing,15,275,512,bbr,0,60
1016,testing,15,275,512,bbr,1,60
1017,testing,15,275,512,bbr,2,60
1018,testing,15,275,512,bbr,3,60
1019,testing,15,275,512,bbr,4,60
1020,testing,15,275,512,bic,0,60
1021,testing,15,275,512,bic,1,60
1022,testing,15,275,512,bic,2,60
1023,testing,15,275,512,bic,3,60
1024,testing,15,275,512,bic,4,60
1025,testing,15,275,512,cdg,0,60
1026,testing,15,275,512,cdg,1,60
1027,testing,15,275,512,cdg,2,60
1028,testing,15,275,512,cdg,3,60
1029,testing,15,275,512,cdg,4,60
1030,testing,15,275,512,highspeed,0,60
1031,testing,15,275,512,highspeed,1,60
1032,testing,15,275,512,highspeed,2,60
1033,testing,15,275,512,highspeed,3,60
1034,testing,15,275,512,highspeed,4,60
1035,testing,15,275,512,htcp,0,60
1036,testing,15,275,512,htcp,1,60
1037,testing,15,275,512,htcp,2,60
1038,testing,15,275,512,htcp,3,60
1039,testing,15,275,512,htcp,4,60
1040,testing,15,275,512,hybla,0,60
1041,testing,15,275,512,hybla,1,60
1042,testing,15,275,512,hybla,2,60
1043,testing,15,275,512,hybla,3,60
1044,testing,15,275,512,hybla,4,60
1045,testing,15,275,512,illinois,0,60
1046,testing,15,275,512,illinois,1,60
1047,testing,15,275,512,illinois,2,60
1048,testing,15,275,512,illinois,3,60
1049,testing,15,275,512,illinois,4,60
1050,testing,15,275,512,nv,0,60
1051,testing,15,275,512,nv,1,60
1052,testing,15,275,512,nv,2,60
1053,testing,15,275,512,nv,3,60
1054,testing,15,275,512,nv,4,60
1055,testing,15,275,512,scalable,0,60
1056,testing,15,275,512,scalable,1,60
1057,testing,15,275,512,scalable,2,60
1058,testing,15,275,512,scalable,3,60
1059,testing,15,275,512,scalable,4,60
1060,testing,15,275,512,vegas,0,60
1061,testing,15,275,512,vegas,1,60
1062,testing,15,275,512,vegas,2,60
1063,testing,15,275,512,vegas,3,60
1064,testing,15,275,512,vegas,4,60
1065,testing,15,275,512,veno,0,60
1066,testing,15,275,512,veno,1,60
1067,testing,15,275,512,veno,2,60
1068,testing,15,275,512,veno,3,60
1069,testing,15,275,512,veno,4,60
1070,testing,15,275,512,westwood,0,60
1071,testing,15,275,512,westwood,1,60
1072,testing,15,275,512,westwood,2,60
1073,testing,15,275,512,westwood,3,60
1074,testing,15,275,512,westwood,4,60
1075,testing,15,275,512,yeah,0,60
1076,testing,15,275,512,yeah,1,60
1077,testing,15,275,512,yeah,2,60
1078,testing,15,275,512,yeah,3,60
1079,testing,15,275,512,yeah,4,60
1080,exp11,0.3,275,8,reno,0,60
1081,exp11,0.3,275,8,reno,1,60
1082,exp11,0.3,275,8,cubic,0,60
1083,exp11,0.3,275,8,cubic,1,60
1084,exp11,0.3,275,8,bbr,0,60
1085,exp11,0.3,275,8,bbr,1,60
1086,exp11,0.3,275,8,bic,0,60
1087,exp11,0.3,275,8,bic,1,60
1088,exp11,0.3,275,8,cdg,0,60
1089,exp11,0.3,275,8,cdg,1,60
1090,exp11,0.3,275,8,highspeed,0,60
1091,exp11,0.3,275,8,highspeed,1,60
1092,exp11,0.3,275,8,htcp,0,60
1093,exp11,0.3,275,8,htcp,1,60
1094,exp11,0.3,275,8,hybla,0,60
1095,exp11,0.3,275,8,hybla,1,60
1096,exp11,0.3,275,8,illinois,0,60
1097,exp11,0.3,275,8,illinois,1,60
1098,exp11,0.3,275,8,nv,0,60
1099,exp11,0.3,275,8,nv,1,60
1100,exp11,0.3,275,8,scalable,0,60
1101,exp11,0.3,275,8,scalable,1,60
1102,exp11,0.3,275,8,vegas,0,60
1103,exp11,0.3,275,8,vegas,1,60
1104,exp11,0.3,275,8,veno,0,60
1105,exp11,0.3,275,8,veno,1,60
1106,exp11,0.3,275,8,westwood,0,60
1107,exp11,0.3,275,8,westwood,1,60
1108,exp11,0.3,275,8,yeah,0,60
1109,exp11,0.3,275,8,yeah,1,60
1110,exp11,0.3,275,16,reno,0,60
1111,exp11,0.3,275,16,reno,1,60
1112,exp11,0.3,275,16,cubic,0,60
1113,exp11,0.3,275,16,cubic,1,60
1114,exp11,0.3,275,16,bbr,0,60
1115,exp11,0.3,275,16,bbr,1,60
1116,exp11,0.3,275,16,bic,0,60
1117,exp11,0.3,275,16,bic,1,60
1118,exp11,0.3,275,16,cdg,0,60
1119,exp11,0.3,275,16,cdg,1,60
1120,exp11,0.3,275,16,highspeed,0,60
1121,exp11,0.3,275,16,highspeed,1,60
1122,exp11,0.3,275,16,htcp,0,60
1123,exp11,0.3,275,16,htcp,1,60
1124,exp11,0.3,275,16,hybla,0,60
1125,exp11,0.3,275,16,hybla,1,60
1126,exp11,0.3,275,16,illinois,0,60
1127,exp11,0.3,275,16,illinois,1,60
1128,exp11,0.3,275,16,nv,0,60
1129,exp11,0.3,275,16,nv,1,60
1130,exp11,0.3,275,16,scalable,0,60
1131,exp11,0.3,275,16,scalable,1,60
1132,exp11,0.3,275,16,vegas,0,60
1133,exp11,0.3,275,16,vegas,1,60
1134,exp11,0.3,275,16,veno,0,60
1135,exp11,0.3,275,16,veno,1,60
1136,exp11,0.3,275,16,westwood,0,60
1137,exp11,0.3,275,16,westwood,1,60
1138,exp11,0.3,275,16,yeah,0,60
1139,exp11,0.3,275,16,yeah,1,60
1140,exp11,0.3,275,32,reno,0,60
1141,exp11,0.3,275,32,reno,1,60
1142,exp11,0.3,275,32,cubic,0,60
1143,exp11,0.3,275,32,cubic,1,60
1144,exp11,0.3,275,32,bbr,0,60
1145,exp11,0.3,275,32,bbr,1,60
1146,exp11,0.3,275,32,bic,0,60
1147,exp11,0.3,275,32,bic,1,60
1148,exp11,0.3,275,32,cdg,0,60
1149,exp11,0.3,275,32,cdg,1,60
1150,exp11,0.3,275,32,highspeed,0,60
1151,exp11,0.3,275,32,highspeed,1,60
1152,exp11,0.3,275,32,htcp,0,60
1153,exp11,0.3,275,32,htcp,1,60
1154,exp11,0.3,275,32,hybla,0,60
1155,exp11,0.3,275,32,hybla,1,60
1156,exp11,0.3,275,32,illinois,0,60
1157,exp11,0.3,275,32,illinois,1,60
1158,exp11,0.3,275,32,nv,0,60
1159,exp11,0.3,275,32,nv,1,60
1160,exp11,0.3,275,32,scalable,0,60
1161,exp11,0.3,275,32,scalable,1,60
1162,exp11,0.3,275,32,vegas,0,60
1163,exp11,0.3,275,32,vegas,1,60
1164,exp11,0.3,275,32,veno,0,60
1165,exp11,0.3,275,32,veno,1,60
1166,exp11,0.3,275,32,westwood,0,60
1167,exp11,0.3,275,32,westwood,1,60
1168,exp11,0.3,275,32,yeah,0,60
1169,exp11,0.3,275,32,yeah,1,60
1170,exp11,0.3,275,64,reno,0,60
1171,exp11,0.3,275,64,reno,1,60
1172,exp11,0.3,275,64,cubic,0,60
1173,exp11,0.3,275,64,cubic,1,60
1174,exp11,0.3,275,64,bbr,0,60
1175,exp11,0.3,275,64,bbr,1,60
1176,exp11,0.3,275,64,bic,0,60
1177,exp11,0.3,275,64,bic,1,60
1178,exp11,0.3,275,64,cdg,0,60
1179,exp11,0.3,275,64,cdg,1,60
1180,exp11,0.3,275,64,highspeed,0,60
1181,exp11,0.3,275,64,highspeed,1,60
1182,exp11,0.3,275,64,htcp,0,60
1183,exp11,0.3,275,64,htcp,1,60
1184,exp11,0.3,275,64,hybla,0,60
1185,exp11,0.3,275,64,hybla,1,60
1186,exp11,0.3,275,64,illinois,0,60
1187,exp11,0.3,275,64,illinois,1,60
1188,exp11,0.3,275,64,nv,0,60
1189,exp11,0.3,275,64,nv,1,60
1190,exp11,0.3,275,64,scalable,0,60
1191,exp11,0.3,275,64,scalable,1,60
1192,exp11,0.3,275,64,vegas,0,60
1193,exp11,0.3,275,64,vegas,1,60
1194,exp11,0.3,275,64,veno,0,60
1195,exp11,0.3,275,64,veno,1,60
1196,exp11,0.3,275,64,westwood,0,60
1197,exp11,0.3,275,64,westwood,1,60
1198,exp11,0.3,275,64,yeah,0,60
1199,exp11,0.3,275,64,yeah,1,60
1200,exp11,0.3,275,128,reno,0,60
1201,exp11,0.3,275,128,reno,1,60
1202,exp11,0.3,275,128,cubic,0,60
1203,exp11,0.3,275,128,cubic,1,60
1204,exp11,0.3,275,128,bbr,0,60
1205,exp11,0.3,275,128,bbr,1,60
1206,exp11,0.3,275,128,bic,0,60
1207,exp11,0.3,275,128,bic,1,60
1208,exp11,0.3,275,128,cdg,0,60
1209,exp11,0.3,275,128,cdg,1,60
1210,exp11,0.3,275,128,highspeed,0,60
1211,exp11,0.3,275,128,highspeed,1,60
1212,exp11,0.3,275,128,htcp,0,60
1213,exp11,0.3,275,128,htcp,1,60
1214,exp11,0.3,275,128,hybla,0,60
1215,exp11,0.3,275,128,hybla,1,60
1216,exp11,0.3,275,128,illinois,0,60
1217,exp11,0.3,275,128,illinois,1,60
1218,exp11,0.3,275,128,nv,0,60
1219,exp11,0.3,275,128,nv,1,60
1220,exp11,0.3,275,128,scalable,0,60
1221,exp11,0.3,275,128,scalable,1,60
1222,exp11,0.3,275,128,vegas,0,60
1223,exp11,0.3,275,128,vegas,1,60
1224,exp11,0.3,275,128,veno,0,60
1225,exp11,0.3,275,128,veno,1,60
1226,exp11,0.3,275,128,westwood,0,60
1227,exp11,0.3,275,128,westwood,1,60
1228,exp11,0.3,275,128,yeah,0,60
1229,exp11,0.3,275,128,yeah,1,60
1230,exp11,0.3,275,256,reno,0,60
1231,exp11,0.3,275,256,reno,1,60
1232,exp11,0.3,275,256,cubic,0,60
1233,exp11,0.3,275,256,cubic,1,60
1234,exp11,0.3,275,256,bbr,0,60
1235,exp11,0.3,275,256,bbr,1,60
1236,exp11,0.3,275,256,bic,0,60
1237,exp11,0.3,275,256,bic,1,60
1238,exp11,0.3,275,256,cdg,0,60
1239,exp11,0.3,275,256,cdg,1,60
1240,exp11,0.3,275,256,highspeed,0,60
1241,exp11,0.3,275,256,highspeed,1,60
1242,exp11,0.3,275,256,htcp,0,60
1243,exp11,0.3,275,256,htcp,1,60
1244,exp11,0.3,275,256,hybla,0,60
1245,exp11,0.3,275,256,hybla,1,60
1246,exp11,0.3,275,256,illinois,0,60
1247,exp11,0.3,275,256,illinois,1,60
1248,exp11,0.3,275,256,nv,0,60
1249,exp11,0.3,275,256,nv,1,60
1250,exp11,0.3,275,256,scalable,0,60
1251,exp11,0.3,275,256,scalable,1,60
1252,exp11,0.3,275,256,vegas,0,60
1253,exp11,0.3,275,256,vegas,1,60
1254,exp11,0.3,275,256,veno,0,60
1255,exp11,0.3,275,256,veno,1,60
1256,exp11,0.3,275,256,westwood,0,60
1257,exp11,0.3,275,256,westwood,1,60
1258,exp11,0.3,275,256,yeah,0,60
1259,exp11,0.3,275,256,yeah,1,60
1260,exp11,0.3,275,512,reno,0,60
1261,exp11,0.3,275,512,reno,1,60
1262,exp11,0.3,275,512,cubic,0,60
1263,exp11,0.3,275,512,cubic,1,60
1264,exp11,0.3,275,512,bbr,0,60
1265,exp11,0.3,275,512,bbr,1,60
1266,exp11,0.3,275,512,bic,0,60
1267,exp11,0.3,275,512,bic,1,60
1268,exp11,0.3,275,512,cdg,0,60
1269,exp11,0.3,275,512,cdg,1,60
1270,exp11,0.3,275,512,highspeed,0,60
1271,exp11,0.3,275,512,highspeed,1,60
1272,exp11,0.3,275,512,htcp,0,60
1273,exp11,0.3,275,512,htcp,1,60
1274,exp11,0.3,275,512,hybla,0,60
1275,exp11,0.3,275,512,hybla,1,60
1276,exp11,0.3,275,512,illinois,0,60
1277,exp11,0.3,275,512,illinois,1,60
1278,exp11,0.3,275,512,nv,0,60
1279,exp11,0.3,275,512,nv,1,60
1280,exp11,0.3,275,512,scalable,0,60
1281,exp11,0.3,275,512,scalable,1,60
1282,exp11,0.3,275,512,vegas,0,60
1283,exp11,0.3,275,512,vegas,1,60
1284,exp11,0.3,275,512,veno,0,60
1285,exp11,0.3,275,512,veno,1,60
1286,exp11,0.3,275,512,westwood,0,60
1287,exp11,0.3,275,512,westwood,1,60
1288,exp11,0.3,275,512,yeah,0,60
1289,exp11,0.3,275,512,yeah,1,60
